country_or_area,slope,r_squared,year,unit,quantity
Iraq,1559.4999999999998,0.9825667187414369,2011,"Metric tons,  thousand",5061
Iraq,1559.4999999999998,0.9825667187414369,2012,"Metric tons,  thousand",6723
Iraq,1559.4999999999998,0.9825667187414369,2013,"Metric tons,  thousand",7756
Iraq,1559.4999999999998,0.9825667187414369,2014,"Metric tons,  thousand",9915
Saudi Arabia,416.5261538461539,0.9733528346985947,1990,"Metric tons,  thousand",3752
Saudi Arabia,416.5261538461539,0.9733528346985947,1991,"Metric tons,  thousand",3871
Saudi Arabia,416.5261538461539,0.9733528346985947,1992,"Metric tons,  thousand",4074
Saudi Arabia,416.5261538461539,0.9733528346985947,1993,"Metric tons,  thousand",4355
Saudi Arabia,416.5261538461539,0.9733528346985947,1994,"Metric tons,  thousand",5144
Saudi Arabia,416.5261538461539,0.9733528346985947,1995,"Metric tons,  thousand",4863
Saudi Arabia,416.5261538461539,0.9733528346985947,1996,"Metric tons,  thousand",5418
Saudi Arabia,416.5261538461539,0.9733528346985947,1997,"Metric tons,  thousand",6070
Saudi Arabia,416.5261538461539,0.9733528346985947,1998,"Metric tons,  thousand",6564
Saudi Arabia,416.5261538461539,0.9733528346985947,1999,"Metric tons,  thousand",7296
Saudi Arabia,416.5261538461539,0.9733528346985947,2000,"Metric tons,  thousand",7568
Saudi Arabia,416.5261538461539,0.9733528346985947,2001,"Metric tons,  thousand",8312
Saudi Arabia,416.5261538461539,0.9733528346985947,2002,"Metric tons,  thousand",7565
Saudi Arabia,416.5261538461539,0.9733528346985947,2003,"Metric tons,  thousand",8270
Saudi Arabia,416.5261538461539,0.9733528346985947,2004,"Metric tons,  thousand",8481
Saudi Arabia,416.5261538461539,0.9733528346985947,2005,"Metric tons,  thousand",8965
Saudi Arabia,416.5261538461539,0.9733528346985947,2006,"Metric tons,  thousand",9519
Saudi Arabia,416.5261538461539,0.9733528346985947,2007,"Metric tons,  thousand",9483
Saudi Arabia,416.5261538461539,0.9733528346985947,2008,"Metric tons,  thousand",10329
Saudi Arabia,416.5261538461539,0.9733528346985947,2009,"Metric tons,  thousand",11095
Saudi Arabia,416.5261538461539,0.9733528346985947,2010,"Metric tons,  thousand",11306
Saudi Arabia,416.5261538461539,0.9733528346985947,2011,"Metric tons,  thousand",12728
Saudi Arabia,416.5261538461539,0.9733528346985947,2012,"Metric tons,  thousand",13381
Saudi Arabia,416.5261538461539,0.9733528346985947,2013,"Metric tons,  thousand",13780
Saudi Arabia,416.5261538461539,0.9733528346985947,2014,"Metric tons,  thousand",12585
Indonesia,216.06923076923076,0.6786863430100867,1990,"Metric tons,  thousand",3500
Indonesia,216.06923076923076,0.6786863430100867,1991,"Metric tons,  thousand",3850
Indonesia,216.06923076923076,0.6786863430100867,1992,"Metric tons,  thousand",2373
Indonesia,216.06923076923076,0.6786863430100867,1993,"Metric tons,  thousand",3440
Indonesia,216.06923076923076,0.6786863430100867,1994,"Metric tons,  thousand",1990
Indonesia,216.06923076923076,0.6786863430100867,1995,"Metric tons,  thousand",1904
Indonesia,216.06923076923076,0.6786863430100867,1996,"Metric tons,  thousand",2240
Indonesia,216.06923076923076,0.6786863430100867,1997,"Metric tons,  thousand",3433
Indonesia,216.06923076923076,0.6786863430100867,1998,"Metric tons,  thousand",2566
Indonesia,216.06923076923076,0.6786863430100867,1999,"Metric tons,  thousand",2335
Indonesia,216.06923076923076,0.6786863430100867,2000,"Metric tons,  thousand",2711
Indonesia,216.06923076923076,0.6786863430100867,2001,"Metric tons,  thousand",2867
Indonesia,216.06923076923076,0.6786863430100867,2002,"Metric tons,  thousand",3904
Indonesia,216.06923076923076,0.6786863430100867,2003,"Metric tons,  thousand",4401
Indonesia,216.06923076923076,0.6786863430100867,2004,"Metric tons,  thousand",5700
Indonesia,216.06923076923076,0.6786863430100867,2005,"Metric tons,  thousand",6517
Indonesia,216.06923076923076,0.6786863430100867,2006,"Metric tons,  thousand",6464
Indonesia,216.06923076923076,0.6786863430100867,2007,"Metric tons,  thousand",6753
Indonesia,216.06923076923076,0.6786863430100867,2008,"Metric tons,  thousand",7e3
Indonesia,216.06923076923076,0.6786863430100867,2009,"Metric tons,  thousand",5156
Indonesia,216.06923076923076,0.6786863430100867,2010,"Metric tons,  thousand",6292
Indonesia,216.06923076923076,0.6786863430100867,2011,"Metric tons,  thousand",7805
Indonesia,216.06923076923076,0.6786863430100867,2012,"Metric tons,  thousand",7491
Indonesia,216.06923076923076,0.6786863430100867,2013,"Metric tons,  thousand",6003
Indonesia,216.06923076923076,0.6786863430100867,2014,"Metric tons,  thousand",5896
United States,-40.6923076923077,0.04827201980941264,1990,"Metric tons,  thousand",1969
United States,-40.6923076923077,0.04827201980941264,1991,"Metric tons,  thousand",1840
United States,-40.6923076923077,0.04827201980941264,1992,"Metric tons,  thousand",1549
United States,-40.6923076923077,0.04827201980941264,1993,"Metric tons,  thousand",1765
United States,-40.6923076923077,0.04827201980941264,1994,"Metric tons,  thousand",2190
United States,-40.6923076923077,0.04827201980941264,1995,"Metric tons,  thousand",2086
United States,-40.6923076923077,0.04827201980941264,1996,"Metric tons,  thousand",2508
United States,-40.6923076923077,0.04827201980941264,1997,"Metric tons,  thousand",2976
United States,-40.6923076923077,0.04827201980941264,1998,"Metric tons,  thousand",5793
United States,-40.6923076923077,0.04827201980941264,1999,"Metric tons,  thousand",5862
United States,-40.6923076923077,0.04827201980941264,2000,"Metric tons,  thousand",4792
United States,-40.6923076923077,0.04827201980941264,2001,"Metric tons,  thousand",4572
United States,-40.6923076923077,0.04827201980941264,2002,"Metric tons,  thousand",3115
United States,-40.6923076923077,0.04827201980941264,2003,"Metric tons,  thousand",4373
United States,-40.6923076923077,0.04827201980941264,2004,"Metric tons,  thousand",3300
United States,-40.6923076923077,0.04827201980941264,2005,"Metric tons,  thousand",2837
United States,-40.6923076923077,0.04827201980941264,2006,"Metric tons,  thousand",1793
United States,-40.6923076923077,0.04827201980941264,2007,"Metric tons,  thousand",2128
United States,-40.6923076923077,0.04827201980941264,2008,"Metric tons,  thousand",1751
United States,-40.6923076923077,0.04827201980941264,2009,"Metric tons,  thousand",1722
United States,-40.6923076923077,0.04827201980941264,2010,"Metric tons,  thousand",1898
United States,-40.6923076923077,0.04827201980941264,2011,"Metric tons,  thousand",1513
United States,-40.6923076923077,0.04827201980941264,2012,"Metric tons,  thousand",1254
United States,-40.6923076923077,0.04827201980941264,2013,"Metric tons,  thousand",1322
United States,-40.6923076923077,0.04827201980941264,2014,"Metric tons,  thousand",1964
Iran (Islamic Rep. of),245.97645109153845,0.6995561804530539,1990,"Metric tons,  thousand",1868
Iran (Islamic Rep. of),245.97645109153845,0.6995561804530539,1991,"Metric tons,  thousand",1771
Iran (Islamic Rep. of),245.97645109153845,0.6995561804530539,1992,"Metric tons,  thousand",1923
Iran (Islamic Rep. of),245.97645109153845,0.6995561804530539,1993,"Metric tons,  thousand",1572
Iran (Islamic Rep. of),245.97645109153845,0.6995561804530539,1994,"Metric tons,  thousand",1597
Iran (Islamic Rep. of),245.97645109153845,0.6995561804530539,1995,"Metric tons,  thousand",1818
Iran (Islamic Rep. of),245.97645109153845,0.6995561804530539,1996,"Metric tons,  thousand",1443
Iran (Islamic Rep. of),245.97645109153845,0.6995561804530539,1997,"Metric tons,  thousand",1475
Iran (Islamic Rep. of),245.97645109153845,0.6995561804530539,1998,"Metric tons,  thousand",1202
Iran (Islamic Rep. of),245.97645109153845,0.6995561804530539,1999,"Metric tons,  thousand",1271
Iran (Islamic Rep. of),245.97645109153845,0.6995561804530539,2000,"Metric tons,  thousand",1337
Iran (Islamic Rep. of),245.97645109153845,0.6995561804530539,2001,"Metric tons,  thousand",1712
Iran (Islamic Rep. of),245.97645109153845,0.6995561804530539,2002,"Metric tons,  thousand",1754
Iran (Islamic Rep. of),245.97645109153845,0.6995561804530539,2003,"Metric tons,  thousand",1856
Iran (Islamic Rep. of),245.97645109153845,0.6995561804530539,2004,"Metric tons,  thousand",2463
Iran (Islamic Rep. of),245.97645109153845,0.6995561804530539,2005,"Metric tons,  thousand",2305.483029
Iran (Islamic Rep. of),245.97645109153845,0.6995561804530539,2006,"Metric tons,  thousand",4091.383812
Iran (Islamic Rep. of),245.97645109153845,0.6995561804530539,2007,"Metric tons,  thousand",3966.057441
Iran (Islamic Rep. of),245.97645109153845,0.6995561804530539,2008,"Metric tons,  thousand",3832.02785
Iran (Islamic Rep. of),245.97645109153845,0.6995561804530539,2009,"Metric tons,  thousand",4294.168842
Iran (Islamic Rep. of),245.97645109153845,0.6995561804530539,2010,"Metric tons,  thousand",5151.436031
Iran (Islamic Rep. of),245.97645109153845,0.6995561804530539,2011,"Metric tons,  thousand",8186.248912
Iran (Islamic Rep. of),245.97645109153845,0.6995561804530539,2012,"Metric tons,  thousand",6760.661445
Iran (Islamic Rep. of),245.97645109153845,0.6995561804530539,2013,"Metric tons,  thousand",6762.402089
Iran (Islamic Rep. of),245.97645109153845,0.6995561804530539,2014,"Metric tons,  thousand",7480
Russian Federation,39.31620553359761,0.7473393832341896,1992,"Metric tons,  thousand",1430
Russian Federation,39.31620553359761,0.7473393832341896,1993,"Metric tons,  thousand",1458
Russian Federation,39.31620553359761,0.7473393832341896,1994,"Metric tons,  thousand",1227
Russian Federation,39.31620553359761,0.7473393832341896,1995,"Metric tons,  thousand",1274
Russian Federation,39.31620553359761,0.7473393832341896,1996,"Metric tons,  thousand",1091
Russian Federation,39.31620553359761,0.7473393832341896,1997,"Metric tons,  thousand",1080
Russian Federation,39.31620553359761,0.7473393832341896,1998,"Metric tons,  thousand",1414
Russian Federation,39.31620553359761,0.7473393832341896,1999,"Metric tons,  thousand",1530
Russian Federation,39.31620553359761,0.7473393832341896,2000,"Metric tons,  thousand",1502
Russian Federation,39.31620553359761,0.7473393832341896,2001,"Metric tons,  thousand",1463
Russian Federation,39.31620553359761,0.7473393832341896,2002,"Metric tons,  thousand",1475
Russian Federation,39.31620553359761,0.7473393832341896,2003,"Metric tons,  thousand",1436
Russian Federation,39.31620553359761,0.7473393832341896,2004,"Metric tons,  thousand",1442
Russian Federation,39.31620553359761,0.7473393832341896,2005,"Metric tons,  thousand",1554
Russian Federation,39.31620553359761,0.7473393832341896,2006,"Metric tons,  thousand",1500
Russian Federation,39.31620553359761,0.7473393832341896,2007,"Metric tons,  thousand",1900
Russian Federation,39.31620553359761,0.7473393832341896,2008,"Metric tons,  thousand",2050
Russian Federation,39.31620553359761,0.7473393832341896,2009,"Metric tons,  thousand",1900
Russian Federation,39.31620553359761,0.7473393832341896,2010,"Metric tons,  thousand",1995
Russian Federation,39.31620553359761,0.7473393832341896,2011,"Metric tons,  thousand",1999
Russian Federation,39.31620553359761,0.7473393832341896,2012,"Metric tons,  thousand",1975
Russian Federation,39.31620553359761,0.7473393832341896,2013,"Metric tons,  thousand",1935
Russian Federation,39.31620553359761,0.7473393832341896,2014,"Metric tons,  thousand",2015
China,-138.91246153846154,0.4297671323627929,1990,"Metric tons,  thousand",1269
China,-138.91246153846154,0.4297671323627929,1991,"Metric tons,  thousand",2168
China,-138.91246153846154,0.4297671323627929,1992,"Metric tons,  thousand",3416
China,-138.91246153846154,0.4297671323627929,1993,"Metric tons,  thousand",3590
China,-138.91246153846154,0.4297671323627929,1994,"Metric tons,  thousand",2686
China,-138.91246153846154,0.4297671323627929,1995,"Metric tons,  thousand",2515
China,-138.91246153846154,0.4297671323627929,1996,"Metric tons,  thousand",2832
China,-138.91246153846154,0.4297671323627929,1997,"Metric tons,  thousand",7420
China,-138.91246153846154,0.4297671323627929,1998,"Metric tons,  thousand",2039
China,-138.91246153846154,0.4297671323627929,1999,"Metric tons,  thousand",2155
China,-138.91246153846154,0.4297671323627929,2000,"Metric tons,  thousand",2277
China,-138.91246153846154,0.4297671323627929,2001,"Metric tons,  thousand",2404
China,-138.91246153846154,0.4297671323627929,2002,"Metric tons,  thousand",2291
China,-138.91246153846154,0.4297671323627929,2003,"Metric tons,  thousand",769.6
China,-138.91246153846154,0.4297671323627929,2004,"Metric tons,  thousand",1339.7
China,-138.91246153846154,0.4297671323627929,2005,"Metric tons,  thousand",855
China,-138.91246153846154,0.4297671323627929,2006,"Metric tons,  thousand",763.8
China,-138.91246153846154,0.4297671323627929,2007,"Metric tons,  thousand",721.2
China,-138.91246153846154,0.4297671323627929,2008,"Metric tons,  thousand",694.9
China,-138.91246153846154,0.4297671323627929,2009,"Metric tons,  thousand",565.9
China,-138.91246153846154,0.4297671323627929,2010,"Metric tons,  thousand",438.3
China,-138.91246153846154,0.4297671323627929,2011,"Metric tons,  thousand",415.7
China,-138.91246153846154,0.4297671323627929,2012,"Metric tons,  thousand",380.1
China,-138.91246153846154,0.4297671323627929,2013,"Metric tons,  thousand",382
China,-138.91246153846154,0.4297671323627929,2014,"Metric tons,  thousand",305.6
Germany,-33.62086956521773,0.9036077450154776,1991,"Metric tons,  thousand",1172
Germany,-33.62086956521773,0.9036077450154776,1992,"Metric tons,  thousand",845
Germany,-33.62086956521773,0.9036077450154776,1993,"Metric tons,  thousand",941
Germany,-33.62086956521773,0.9036077450154776,1994,"Metric tons,  thousand",980
Germany,-33.62086956521773,0.9036077450154776,1995,"Metric tons,  thousand",956
Germany,-33.62086956521773,0.9036077450154776,1996,"Metric tons,  thousand",953
Germany,-33.62086956521773,0.9036077450154776,1997,"Metric tons,  thousand",793
Germany,-33.62086956521773,0.9036077450154776,1998,"Metric tons,  thousand",766
Germany,-33.62086956521773,0.9036077450154776,1999,"Metric tons,  thousand",690
Germany,-33.62086956521773,0.9036077450154776,2000,"Metric tons,  thousand",589
Germany,-33.62086956521773,0.9036077450154776,2001,"Metric tons,  thousand",579
Germany,-33.62086956521773,0.9036077450154776,2002,"Metric tons,  thousand",514
Germany,-33.62086956521773,0.9036077450154776,2003,"Metric tons,  thousand",554
Germany,-33.62086956521773,0.9036077450154776,2004,"Metric tons,  thousand",490
Germany,-33.62086956521773,0.9036077450154776,2005,"Metric tons,  thousand",519
Germany,-33.62086956521773,0.9036077450154776,2006,"Metric tons,  thousand",484
Germany,-33.62086956521773,0.9036077450154776,2007,"Metric tons,  thousand",411
Germany,-33.62086956521773,0.9036077450154776,2008,"Metric tons,  thousand",388
Germany,-33.62086956521773,0.9036077450154776,2009,"Metric tons,  thousand",443
Germany,-33.62086956521773,0.9036077450154776,2010,"Metric tons,  thousand",428
Germany,-33.62086956521773,0.9036077450154776,2011,"Metric tons,  thousand",343
Germany,-33.62086956521773,0.9036077450154776,2012,"Metric tons,  thousand",346
Germany,-33.62086956521773,0.9036077450154776,2013,"Metric tons,  thousand",336
Germany,-33.62086956521773,0.9036077450154776,2014,"Metric tons,  thousand",290
Japan,-29.742307692307694,0.46210060046591434,1990,"Metric tons,  thousand",1163
Japan,-29.742307692307694,0.46210060046591434,1991,"Metric tons,  thousand",1250
Japan,-29.742307692307694,0.46210060046591434,1992,"Metric tons,  thousand",1295
Japan,-29.742307692307694,0.46210060046591434,1993,"Metric tons,  thousand",1407
Japan,-29.742307692307694,0.46210060046591434,1994,"Metric tons,  thousand",1472
Japan,-29.742307692307694,0.46210060046591434,1995,"Metric tons,  thousand",1533
Japan,-29.742307692307694,0.46210060046591434,1996,"Metric tons,  thousand",1610
Japan,-29.742307692307694,0.46210060046591434,1997,"Metric tons,  thousand",1441
Japan,-29.742307692307694,0.46210060046591434,1998,"Metric tons,  thousand",1414
Japan,-29.742307692307694,0.46210060046591434,1999,"Metric tons,  thousand",1421
Japan,-29.742307692307694,0.46210060046591434,2000,"Metric tons,  thousand",1418
Japan,-29.742307692307694,0.46210060046591434,2001,"Metric tons,  thousand",1404
Japan,-29.742307692307694,0.46210060046591434,2002,"Metric tons,  thousand",1446
Japan,-29.742307692307694,0.46210060046591434,2003,"Metric tons,  thousand",1492
Japan,-29.742307692307694,0.46210060046591434,2004,"Metric tons,  thousand",1360
Japan,-29.742307692307694,0.46210060046591434,2005,"Metric tons,  thousand",863
Japan,-29.742307692307694,0.46210060046591434,2006,"Metric tons,  thousand",767
Japan,-29.742307692307694,0.46210060046591434,2007,"Metric tons,  thousand",594
Japan,-29.742307692307694,0.46210060046591434,2008,"Metric tons,  thousand",509
Japan,-29.742307692307694,0.46210060046591434,2009,"Metric tons,  thousand",1028
Japan,-29.742307692307694,0.46210060046591434,2010,"Metric tons,  thousand",931
Japan,-29.742307692307694,0.46210060046591434,2011,"Metric tons,  thousand",1019
Japan,-29.742307692307694,0.46210060046591434,2012,"Metric tons,  thousand",1101
Japan,-29.742307692307694,0.46210060046591434,2013,"Metric tons,  thousand",797
Japan,-29.742307692307694,0.46210060046591434,2014,"Metric tons,  thousand",725
Libya,103.22461538461538,0.6866203951142754,1990,"Metric tons,  thousand",700
Libya,103.22461538461538,0.6866203951142754,1991,"Metric tons,  thousand",700
Libya,103.22461538461538,0.6866203951142754,1992,"Metric tons,  thousand",700
Libya,103.22461538461538,0.6866203951142754,1993,"Metric tons,  thousand",750
Libya,103.22461538461538,0.6866203951142754,1994,"Metric tons,  thousand",1e3
Libya,103.22461538461538,0.6866203951142754,1995,"Metric tons,  thousand",1e3
Libya,103.22461538461538,0.6866203951142754,1996,"Metric tons,  thousand",1026
Libya,103.22461538461538,0.6866203951142754,1997,"Metric tons,  thousand",1257
Libya,103.22461538461538,0.6866203951142754,1998,"Metric tons,  thousand",1668
Libya,103.22461538461538,0.6866203951142754,1999,"Metric tons,  thousand",1881
Libya,103.22461538461538,0.6866203951142754,2000,"Metric tons,  thousand",2133
Libya,103.22461538461538,0.6866203951142754,2001,"Metric tons,  thousand",2243
Libya,103.22461538461538,0.6866203951142754,2002,"Metric tons,  thousand",2662
Libya,103.22461538461538,0.6866203951142754,2003,"Metric tons,  thousand",2935
Libya,103.22461538461538,0.6866203951142754,2004,"Metric tons,  thousand",2821
Libya,103.22461538461538,0.6866203951142754,2005,"Metric tons,  thousand",2702
Libya,103.22461538461538,0.6866203951142754,2006,"Metric tons,  thousand",3073
Libya,103.22461538461538,0.6866203951142754,2007,"Metric tons,  thousand",2881
Libya,103.22461538461538,0.6866203951142754,2008,"Metric tons,  thousand",2892
Libya,103.22461538461538,0.6866203951142754,2009,"Metric tons,  thousand",3058
Libya,103.22461538461538,0.6866203951142754,2010,"Metric tons,  thousand",2519
Libya,103.22461538461538,0.6866203951142754,2011,"Metric tons,  thousand",1511
Libya,103.22461538461538,0.6866203951142754,2012,"Metric tons,  thousand",2014
Libya,103.22461538461538,0.6866203951142754,2013,"Metric tons,  thousand",3122
Libya,103.22461538461538,0.6866203951142754,2014,"Metric tons,  thousand",3328
Argentina,62.373846153846145,0.48223113772945775,1990,"Metric tons,  thousand",650
Argentina,62.373846153846145,0.48223113772945775,1991,"Metric tons,  thousand",381
Argentina,62.373846153846145,0.48223113772945775,1992,"Metric tons,  thousand",327
Argentina,62.373846153846145,0.48223113772945775,1993,"Metric tons,  thousand",174
Argentina,62.373846153846145,0.48223113772945775,1994,"Metric tons,  thousand",281
Argentina,62.373846153846145,0.48223113772945775,1995,"Metric tons,  thousand",233
Argentina,62.373846153846145,0.48223113772945775,1996,"Metric tons,  thousand",208
Argentina,62.373846153846145,0.48223113772945775,1997,"Metric tons,  thousand",127
Argentina,62.373846153846145,0.48223113772945775,1998,"Metric tons,  thousand",133
Argentina,62.373846153846145,0.48223113772945775,1999,"Metric tons,  thousand",162
Argentina,62.373846153846145,0.48223113772945775,2000,"Metric tons,  thousand",136
Argentina,62.373846153846145,0.48223113772945775,2001,"Metric tons,  thousand",100
Argentina,62.373846153846145,0.48223113772945775,2002,"Metric tons,  thousand",85
Argentina,62.373846153846145,0.48223113772945775,2003,"Metric tons,  thousand",91
Argentina,62.373846153846145,0.48223113772945775,2004,"Metric tons,  thousand",143
Argentina,62.373846153846145,0.48223113772945775,2005,"Metric tons,  thousand",132
Argentina,62.373846153846145,0.48223113772945775,2006,"Metric tons,  thousand",91
Argentina,62.373846153846145,0.48223113772945775,2007,"Metric tons,  thousand",617
Argentina,62.373846153846145,0.48223113772945775,2008,"Metric tons,  thousand",806
Argentina,62.373846153846145,0.48223113772945775,2009,"Metric tons,  thousand",806
Argentina,62.373846153846145,0.48223113772945775,2010,"Metric tons,  thousand",1500
Argentina,62.373846153846145,0.48223113772945775,2011,"Metric tons,  thousand",1835
Argentina,62.373846153846145,0.48223113772945775,2012,"Metric tons,  thousand",1703
Argentina,62.373846153846145,0.48223113772945775,2013,"Metric tons,  thousand",2232
Argentina,62.373846153846145,0.48223113772945775,2014,"Metric tons,  thousand",1689
Egypt,-38.67538461538462,0.4936965714597491,1990,"Metric tons,  thousand",600
Egypt,-38.67538461538462,0.4936965714597491,1991,"Metric tons,  thousand",700
Egypt,-38.67538461538462,0.4936965714597491,1992,"Metric tons,  thousand",710
Egypt,-38.67538461538462,0.4936965714597491,1993,"Metric tons,  thousand",810
Egypt,-38.67538461538462,0.4936965714597491,1994,"Metric tons,  thousand",920
Egypt,-38.67538461538462,0.4936965714597491,1995,"Metric tons,  thousand",1e3
Egypt,-38.67538461538462,0.4936965714597491,1996,"Metric tons,  thousand",5
Egypt,-38.67538461538462,0.4936965714597491,1997,"Metric tons,  thousand",1037
Egypt,-38.67538461538462,0.4936965714597491,1998,"Metric tons,  thousand",1050
Egypt,-38.67538461538462,0.4936965714597491,1999,"Metric tons,  thousand",1065
Egypt,-38.67538461538462,0.4936965714597491,2000,"Metric tons,  thousand",1075
Egypt,-38.67538461538462,0.4936965714597491,2001,"Metric tons,  thousand",173
Egypt,-38.67538461538462,0.4936965714597491,2002,"Metric tons,  thousand",161
Egypt,-38.67538461538462,0.4936965714597491,2003,"Metric tons,  thousand",156
Egypt,-38.67538461538462,0.4936965714597491,2004,"Metric tons,  thousand",202
Egypt,-38.67538461538462,0.4936965714597491,2005,"Metric tons,  thousand",143
Egypt,-38.67538461538462,0.4936965714597491,2006,"Metric tons,  thousand",134
Egypt,-38.67538461538462,0.4936965714597491,2007,"Metric tons,  thousand",104
Egypt,-38.67538461538462,0.4936965714597491,2008,"Metric tons,  thousand",122
Egypt,-38.67538461538462,0.4936965714597491,2009,"Metric tons,  thousand",175
Egypt,-38.67538461538462,0.4936965714597491,2010,"Metric tons,  thousand",86
Egypt,-38.67538461538462,0.4936965714597491,2011,"Metric tons,  thousand",60
Egypt,-38.67538461538462,0.4936965714597491,2012,"Metric tons,  thousand",99
Egypt,-38.67538461538462,0.4936965714597491,2013,"Metric tons,  thousand",99
Egypt,-38.67538461538462,0.4936965714597491,2014,"Metric tons,  thousand",83
Brazil,90.65615384615386,0.8401886947452567,1990,"Metric tons,  thousand",567
Brazil,90.65615384615386,0.8401886947452567,1991,"Metric tons,  thousand",571
Brazil,90.65615384615386,0.8401886947452567,1992,"Metric tons,  thousand",710
Brazil,90.65615384615386,0.8401886947452567,1993,"Metric tons,  thousand",627
Brazil,90.65615384615386,0.8401886947452567,1994,"Metric tons,  thousand",663
Brazil,90.65615384615386,0.8401886947452567,1995,"Metric tons,  thousand",942
Brazil,90.65615384615386,0.8401886947452567,1996,"Metric tons,  thousand",889
Brazil,90.65615384615386,0.8401886947452567,1997,"Metric tons,  thousand",1198
Brazil,90.65615384615386,0.8401886947452567,1998,"Metric tons,  thousand",1496
Brazil,90.65615384615386,0.8401886947452567,1999,"Metric tons,  thousand",1957
Brazil,90.65615384615386,0.8401886947452567,2000,"Metric tons,  thousand",1536
Brazil,90.65615384615386,0.8401886947452567,2001,"Metric tons,  thousand",1701
Brazil,90.65615384615386,0.8401886947452567,2002,"Metric tons,  thousand",1325
Brazil,90.65615384615386,0.8401886947452567,2003,"Metric tons,  thousand",1640
Brazil,90.65615384615386,0.8401886947452567,2004,"Metric tons,  thousand",1882
Brazil,90.65615384615386,0.8401886947452567,2005,"Metric tons,  thousand",1942
Brazil,90.65615384615386,0.8401886947452567,2006,"Metric tons,  thousand",1660
Brazil,90.65615384615386,0.8401886947452567,2007,"Metric tons,  thousand",1480
Brazil,90.65615384615386,0.8401886947452567,2008,"Metric tons,  thousand",1925
Brazil,90.65615384615386,0.8401886947452567,2009,"Metric tons,  thousand",1743
Brazil,90.65615384615386,0.8401886947452567,2010,"Metric tons,  thousand",2217
Brazil,90.65615384615386,0.8401886947452567,2011,"Metric tons,  thousand",2138
Brazil,90.65615384615386,0.8401886947452567,2012,"Metric tons,  thousand",2718
Brazil,90.65615384615386,0.8401886947452567,2013,"Metric tons,  thousand",2716
Brazil,90.65615384615386,0.8401886947452567,2014,"Metric tons,  thousand",3373
Australia,21.234615384615388,0.4580695178014977,1990,"Metric tons,  thousand",563
Australia,21.234615384615388,0.4580695178014977,1991,"Metric tons,  thousand",547
Australia,21.234615384615388,0.4580695178014977,1992,"Metric tons,  thousand",512
Australia,21.234615384615388,0.4580695178014977,1993,"Metric tons,  thousand",508
Australia,21.234615384615388,0.4580695178014977,1994,"Metric tons,  thousand",534
Australia,21.234615384615388,0.4580695178014977,1995,"Metric tons,  thousand",597
Australia,21.234615384615388,0.4580695178014977,1996,"Metric tons,  thousand",618
Australia,21.234615384615388,0.4580695178014977,1997,"Metric tons,  thousand",461
Australia,21.234615384615388,0.4580695178014977,1998,"Metric tons,  thousand",492
Australia,21.234615384615388,0.4580695178014977,1999,"Metric tons,  thousand",395
Australia,21.234615384615388,0.4580695178014977,2000,"Metric tons,  thousand",401
Australia,21.234615384615388,0.4580695178014977,2001,"Metric tons,  thousand",452
Australia,21.234615384615388,0.4580695178014977,2002,"Metric tons,  thousand",445
Australia,21.234615384615388,0.4580695178014977,2003,"Metric tons,  thousand",451
Australia,21.234615384615388,0.4580695178014977,2004,"Metric tons,  thousand",573
Australia,21.234615384615388,0.4580695178014977,2005,"Metric tons,  thousand",613
Australia,21.234615384615388,0.4580695178014977,2006,"Metric tons,  thousand",676
Australia,21.234615384615388,0.4580695178014977,2007,"Metric tons,  thousand",643
Australia,21.234615384615388,0.4580695178014977,2008,"Metric tons,  thousand",936
Australia,21.234615384615388,0.4580695178014977,2009,"Metric tons,  thousand",671
Australia,21.234615384615388,0.4580695178014977,2010,"Metric tons,  thousand",1150
Australia,21.234615384615388,0.4580695178014977,2011,"Metric tons,  thousand",1096
Australia,21.234615384615388,0.4580695178014977,2012,"Metric tons,  thousand",653
Australia,21.234615384615388,0.4580695178014977,2013,"Metric tons,  thousand",1209
Australia,21.234615384615388,0.4580695178014977,2014,"Metric tons,  thousand",865
India,78.21930748964982,0.06595914248920635,1990,"Metric tons,  thousand",550
India,78.21930748964982,0.06595914248920635,1991,"Metric tons,  thousand",610
India,78.21930748964982,0.06595914248920635,1992,"Metric tons,  thousand",655
India,78.21930748964982,0.06595914248920635,1993,"Metric tons,  thousand",710
India,78.21930748964982,0.06595914248920635,1994,"Metric tons,  thousand",770
India,78.21930748964982,0.06595914248920635,1995,"Metric tons,  thousand",805
India,78.21930748964982,0.06595914248920635,1996,"Metric tons,  thousand",975
India,78.21930748964982,0.06595914248920635,1997,"Metric tons,  thousand",995
India,78.21930748964982,0.06595914248920635,1998,"Metric tons,  thousand",990
India,78.21930748964982,0.06595914248920635,1999,"Metric tons,  thousand",5288
India,78.21930748964982,0.06595914248920635,2000,"Metric tons,  thousand",5517
India,78.21930748964982,0.06595914248920635,2001,"Metric tons,  thousand",5080
India,78.21930748964982,0.06595914248920635,2002,"Metric tons,  thousand",5106
India,78.21930748964982,0.06595914248920635,2007,"Metric tons,  thousand",313
India,78.21930748964982,0.06595914248920635,2008,"Metric tons,  thousand",336
India,78.21930748964982,0.06595914248920635,2009,"Metric tons,  thousand",303
India,78.21930748964982,0.06595914248920635,2010,"Metric tons,  thousand",166
India,78.21930748964982,0.06595914248920635,2011,"Metric tons,  thousand",168
India,78.21930748964982,0.06595914248920635,2012,"Metric tons,  thousand",214
India,78.21930748964982,0.06595914248920635,2013,"Metric tons,  thousand",6751
India,78.21930748964982,0.06595914248920635,2014,"Metric tons,  thousand",6536
Pakistan,-6.388260769230769,0.1649003948363921,1990,"Metric tons,  thousand",439
Pakistan,-6.388260769230769,0.1649003948363921,1991,"Metric tons,  thousand",347
Pakistan,-6.388260769230769,0.1649003948363921,1992,"Metric tons,  thousand",253
Pakistan,-6.388260769230769,0.1649003948363921,1993,"Metric tons,  thousand",315
Pakistan,-6.388260769230769,0.1649003948363921,1994,"Metric tons,  thousand",339
Pakistan,-6.388260769230769,0.1649003948363921,1995,"Metric tons,  thousand",345
Pakistan,-6.388260769230769,0.1649003948363921,1996,"Metric tons,  thousand",331
Pakistan,-6.388260769230769,0.1649003948363921,1997,"Metric tons,  thousand",181
Pakistan,-6.388260769230769,0.1649003948363921,1998,"Metric tons,  thousand",143
Pakistan,-6.388260769230769,0.1649003948363921,1999,"Metric tons,  thousand",124
Pakistan,-6.388260769230769,0.1649003948363921,2000,"Metric tons,  thousand",100
Pakistan,-6.388260769230769,0.1649003948363921,2001,"Metric tons,  thousand",112
Pakistan,-6.388260769230769,0.1649003948363921,2002,"Metric tons,  thousand",85
Pakistan,-6.388260769230769,0.1649003948363921,2003,"Metric tons,  thousand",60.185
Pakistan,-6.388260769230769,0.1649003948363921,2004,"Metric tons,  thousand",53.171
Pakistan,-6.388260769230769,0.1649003948363921,2005,"Metric tons,  thousand",30.606
Pakistan,-6.388260769230769,0.1649003948363921,2006,"Metric tons,  thousand",41.954
Pakistan,-6.388260769230769,0.1649003948363921,2007,"Metric tons,  thousand",159.2
Pakistan,-6.388260769230769,0.1649003948363921,2008,"Metric tons,  thousand",165.4
Pakistan,-6.388260769230769,0.1649003948363921,2009,"Metric tons,  thousand",249.7
Pakistan,-6.388260769230769,0.1649003948363921,2010,"Metric tons,  thousand",100
Pakistan,-6.388260769230769,0.1649003948363921,2011,"Metric tons,  thousand",193.2
Pakistan,-6.388260769230769,0.1649003948363921,2012,"Metric tons,  thousand",208
Pakistan,-6.388260769230769,0.1649003948363921,2013,"Metric tons,  thousand",290
Pakistan,-6.388260769230769,0.1649003948363921,2014,"Metric tons,  thousand",304
Oman,-25.31403508771695,0.3260687238767801,1996,"Metric tons,  thousand",395
Oman,-25.31403508771695,0.3260687238767801,1997,"Metric tons,  thousand",401
Oman,-25.31403508771695,0.3260687238767801,1998,"Metric tons,  thousand",452
Oman,-25.31403508771695,0.3260687238767801,1999,"Metric tons,  thousand",467
Oman,-25.31403508771695,0.3260687238767801,2000,"Metric tons,  thousand",520
Oman,-25.31403508771695,0.3260687238767801,2001,"Metric tons,  thousand",572
Oman,-25.31403508771695,0.3260687238767801,2002,"Metric tons,  thousand",618
Oman,-25.31403508771695,0.3260687238767801,2003,"Metric tons,  thousand",641
Oman,-25.31403508771695,0.3260687238767801,2004,"Metric tons,  thousand",688
Oman,-25.31403508771695,0.3260687238767801,2005,"Metric tons,  thousand",757
Oman,-25.31403508771695,0.3260687238767801,2006,"Metric tons,  thousand",795
Oman,-25.31403508771695,0.3260687238767801,2007,"Metric tons,  thousand",82
Oman,-25.31403508771695,0.3260687238767801,2008,"Metric tons,  thousand",87
Oman,-25.31403508771695,0.3260687238767801,2009,"Metric tons,  thousand",107
Oman,-25.31403508771695,0.3260687238767801,2010,"Metric tons,  thousand",127
Oman,-25.31403508771695,0.3260687238767801,2011,"Metric tons,  thousand",132
Oman,-25.31403508771695,0.3260687238767801,2012,"Metric tons,  thousand",146
Oman,-25.31403508771695,0.3260687238767801,2013,"Metric tons,  thousand",163
Oman,-25.31403508771695,0.3260687238767801,2014,"Metric tons,  thousand",179
Syrian Arab Republic,-0.5684615384615377,0.003295623102871867,1990,"Metric tons,  thousand",368
Syrian Arab Republic,-0.5684615384615377,0.003295623102871867,1991,"Metric tons,  thousand",368
Syrian Arab Republic,-0.5684615384615377,0.003295623102871867,1992,"Metric tons,  thousand",368
Syrian Arab Republic,-0.5684615384615377,0.003295623102871867,1993,"Metric tons,  thousand",368
Syrian Arab Republic,-0.5684615384615377,0.003295623102871867,1994,"Metric tons,  thousand",368
Syrian Arab Republic,-0.5684615384615377,0.003295623102871867,1995,"Metric tons,  thousand",368
Syrian Arab Republic,-0.5684615384615377,0.003295623102871867,1996,"Metric tons,  thousand",368
Syrian Arab Republic,-0.5684615384615377,0.003295623102871867,1997,"Metric tons,  thousand",359
Syrian Arab Republic,-0.5684615384615377,0.003295623102871867,1998,"Metric tons,  thousand",370
Syrian Arab Republic,-0.5684615384615377,0.003295623102871867,1999,"Metric tons,  thousand",358
Syrian Arab Republic,-0.5684615384615377,0.003295623102871867,2000,"Metric tons,  thousand",363
Syrian Arab Republic,-0.5684615384615377,0.003295623102871867,2001,"Metric tons,  thousand",336
Syrian Arab Republic,-0.5684615384615377,0.003295623102871867,2002,"Metric tons,  thousand",351
Syrian Arab Republic,-0.5684615384615377,0.003295623102871867,2003,"Metric tons,  thousand",340
Syrian Arab Republic,-0.5684615384615377,0.003295623102871867,2004,"Metric tons,  thousand",359
Syrian Arab Republic,-0.5684615384615377,0.003295623102871867,2005,"Metric tons,  thousand",323
Syrian Arab Republic,-0.5684615384615377,0.003295623102871867,2006,"Metric tons,  thousand",361
Syrian Arab Republic,-0.5684615384615377,0.003295623102871867,2007,"Metric tons,  thousand",534
Syrian Arab Republic,-0.5684615384615377,0.003295623102871867,2008,"Metric tons,  thousand",514
Syrian Arab Republic,-0.5684615384615377,0.003295623102871867,2009,"Metric tons,  thousand",453
Syrian Arab Republic,-0.5684615384615377,0.003295623102871867,2010,"Metric tons,  thousand",450
Syrian Arab Republic,-0.5684615384615377,0.003295623102871867,2011,"Metric tons,  thousand",441
Syrian Arab Republic,-0.5684615384615377,0.003295623102871867,2012,"Metric tons,  thousand",313
Syrian Arab Republic,-0.5684615384615377,0.003295623102871867,2013,"Metric tons,  thousand",207
Syrian Arab Republic,-0.5684615384615377,0.003295623102871867,2014,"Metric tons,  thousand",207
Philippines,-33.26365384615383,0.42666082507405917,1990,"Metric tons,  thousand",329
Philippines,-33.26365384615383,0.42666082507405917,1991,"Metric tons,  thousand",767
Philippines,-33.26365384615383,0.42666082507405917,1992,"Metric tons,  thousand",1003
Philippines,-33.26365384615383,0.42666082507405917,1993,"Metric tons,  thousand",1e3
Philippines,-33.26365384615383,0.42666082507405917,1994,"Metric tons,  thousand",1150
Philippines,-33.26365384615383,0.42666082507405917,1995,"Metric tons,  thousand",1200
Philippines,-33.26365384615383,0.42666082507405917,1996,"Metric tons,  thousand",1250
Philippines,-33.26365384615383,0.42666082507405917,1997,"Metric tons,  thousand",501
Philippines,-33.26365384615383,0.42666082507405917,1998,"Metric tons,  thousand",538
Philippines,-33.26365384615383,0.42666082507405917,1999,"Metric tons,  thousand",211
Philippines,-33.26365384615383,0.42666082507405917,2000,"Metric tons,  thousand",154
Philippines,-33.26365384615383,0.42666082507405917,2001,"Metric tons,  thousand",223
Philippines,-33.26365384615383,0.42666082507405917,2002,"Metric tons,  thousand",183
Philippines,-33.26365384615383,0.42666082507405917,2003,"Metric tons,  thousand",147
Philippines,-33.26365384615383,0.42666082507405917,2004,"Metric tons,  thousand",205
Philippines,-33.26365384615383,0.42666082507405917,2005,"Metric tons,  thousand",151
Philippines,-33.26365384615383,0.42666082507405917,2006,"Metric tons,  thousand",146
Philippines,-33.26365384615383,0.42666082507405917,2007,"Metric tons,  thousand",183.31
Philippines,-33.26365384615383,0.42666082507405917,2008,"Metric tons,  thousand",239.2
Philippines,-33.26365384615383,0.42666082507405917,2009,"Metric tons,  thousand",267.6
Philippines,-33.26365384615383,0.42666082507405917,2010,"Metric tons,  thousand",338.9
Philippines,-33.26365384615383,0.42666082507405917,2011,"Metric tons,  thousand",185.9
Philippines,-33.26365384615383,0.42666082507405917,2012,"Metric tons,  thousand",198.7
Philippines,-33.26365384615383,0.42666082507405917,2013,"Metric tons,  thousand",253.8
Philippines,-33.26365384615383,0.42666082507405917,2014,"Metric tons,  thousand",342.6
Greece,0.3215384615384603,9.756462559203644e-4,1990,"Metric tons,  thousand",315
Greece,0.3215384615384603,9.756462559203644e-4,1991,"Metric tons,  thousand",319
Greece,0.3215384615384603,9.756462559203644e-4,1992,"Metric tons,  thousand",339
Greece,0.3215384615384603,9.756462559203644e-4,1993,"Metric tons,  thousand",287
Greece,0.3215384615384603,9.756462559203644e-4,1994,"Metric tons,  thousand",272
Greece,0.3215384615384603,9.756462559203644e-4,1995,"Metric tons,  thousand",305
Greece,0.3215384615384603,9.756462559203644e-4,1996,"Metric tons,  thousand",381
Greece,0.3215384615384603,9.756462559203644e-4,1997,"Metric tons,  thousand",367
Greece,0.3215384615384603,9.756462559203644e-4,1998,"Metric tons,  thousand",371
Greece,0.3215384615384603,9.756462559203644e-4,1999,"Metric tons,  thousand",336
Greece,0.3215384615384603,9.756462559203644e-4,2000,"Metric tons,  thousand",382
Greece,0.3215384615384603,9.756462559203644e-4,2001,"Metric tons,  thousand",376
Greece,0.3215384615384603,9.756462559203644e-4,2002,"Metric tons,  thousand",465
Greece,0.3215384615384603,9.756462559203644e-4,2003,"Metric tons,  thousand",499
Greece,0.3215384615384603,9.756462559203644e-4,2004,"Metric tons,  thousand",454
Greece,0.3215384615384603,9.756462559203644e-4,2005,"Metric tons,  thousand",429
Greece,0.3215384615384603,9.756462559203644e-4,2006,"Metric tons,  thousand",438
Greece,0.3215384615384603,9.756462559203644e-4,2007,"Metric tons,  thousand",514
Greece,0.3215384615384603,9.756462559203644e-4,2008,"Metric tons,  thousand",425
Greece,0.3215384615384603,9.756462559203644e-4,2009,"Metric tons,  thousand",338
Greece,0.3215384615384603,9.756462559203644e-4,2010,"Metric tons,  thousand",324
Greece,0.3215384615384603,9.756462559203644e-4,2011,"Metric tons,  thousand",301
Greece,0.3215384615384603,9.756462559203644e-4,2012,"Metric tons,  thousand",266
Greece,0.3215384615384603,9.756462559203644e-4,2013,"Metric tons,  thousand",233
Greece,0.3215384615384603,9.756462559203644e-4,2014,"Metric tons,  thousand",274
